-- phpMyAdmin SQL Dump
-- version 5.2.1
-- https://www.phpmyadmin.net/
--
-- Host: 127.0.0.1
-- Waktu pembuatan: 21 Bulan Mei 2025 pada 03.58
-- Versi server: 10.4.32-MariaDB
-- Versi PHP: 8.2.12

SET SQL_MODE = "NO_AUTO_VALUE_ON_ZERO";
START TRANSACTION;
SET time_zone = "+00:00";


/*!40101 SET @OLD_CHARACTER_SET_CLIENT=@@CHARACTER_SET_CLIENT */;
/*!40101 SET @OLD_CHARACTER_SET_RESULTS=@@CHARACTER_SET_RESULTS */;
/*!40101 SET @OLD_COLLATION_CONNECTION=@@COLLATION_CONNECTION */;
/*!40101 SET NAMES utf8mb4 */;

--
-- Database: `penjualan`
--

-- --------------------------------------------------------

--
-- Struktur dari tabel `pelanggan`
--

CREATE TABLE `pelanggan` (
  `id_pelanggan` char(50) NOT NULL,
  `nama_pelanggan` varchar(100) DEFAULT NULL
) ENGINE=InnoDB DEFAULT CHARSET=utf8mb4 COLLATE=utf8mb4_general_ci;

--
-- Dumping data untuk tabel `pelanggan`
--

INSERT INTO `pelanggan` (`id_pelanggan`, `nama_pelanggan`) VALUES
('P001', 'Andi'),
('P002', 'Rendi'),
('P003', 'Putri');

-- --------------------------------------------------------

--
-- Struktur dari tabel `produk`
--

CREATE TABLE `produk` (
  `kode_produk` varchar(50) NOT NULL,
  `nama_produk` varchar(100) DEFAULT NULL,
  `harga` decimal(10,2) DEFAULT NULL
) ENGINE=InnoDB DEFAULT CHARSET=utf8mb4 COLLATE=utf8mb4_general_ci;

--
-- Dumping data untuk tabel `produk`
--

INSERT INTO `produk` (`kode_produk`, `nama_produk`, `harga`) VALUES
('PRD001', 'Laptop', 10000000.00),
('PRD002', 'Mouse', 500000.00),
('PRD003', 'Keyboard', 1500000.00),
('PRD004', 'Monitor', 5000000.00);

-- --------------------------------------------------------

--
-- Struktur dari tabel `transaksi`
--

CREATE TABLE `transaksi` (
  `id_transaksi` char(50) NOT NULL,
  `id_pelanggan` char(50) DEFAULT NULL,
  `kode_produk` varchar(50) DEFAULT NULL,
  `total` decimal(10,2) DEFAULT NULL
) ENGINE=InnoDB DEFAULT CHARSET=utf8mb4 COLLATE=utf8mb4_general_ci;

--
-- Dumping data untuk tabel `transaksi`
--

INSERT INTO `transaksi` (`id_transaksi`, `id_pelanggan`, `kode_produk`, `total`) VALUES
('T001', 'P001', 'PRD001', 10000000.00),
('T002', 'P002', 'PRD002', 500000.00),
('T003', 'P001', 'PRD003', 1500000.00),
('T004', 'P003', 'PRD004', 5000000.00),
('T005', 'P002', 'PRD004', 5000000.00);

--
-- Indexes for dumped tables
--

--
-- Indeks untuk tabel `pelanggan`
--
ALTER TABLE `pelanggan`
  ADD PRIMARY KEY (`id_pelanggan`);

--
-- Indeks untuk tabel `produk`
--
ALTER TABLE `produk`
  ADD PRIMARY KEY (`kode_produk`),
  ADD UNIQUE KEY `idx_kode_produk` (`kode_produk`);

--
-- Indeks untuk tabel `transaksi`
--
ALTER TABLE `transaksi`
  ADD PRIMARY KEY (`id_transaksi`),
  ADD KEY `id_pelanggan` (`id_pelanggan`),
  ADD KEY `kode_produk` (`kode_produk`),
  ADD KEY `idx_total` (`total`);

--
-- Ketidakleluasaan untuk tabel pelimpahan (Dumped Tables)
--

--
-- Ketidakleluasaan untuk tabel `transaksi`
--
ALTER TABLE `transaksi`
  ADD CONSTRAINT `transaksi_ibfk_1` FOREIGN KEY (`id_pelanggan`) REFERENCES `pelanggan` (`id_pelanggan`),
  ADD CONSTRAINT `transaksi_ibfk_2` FOREIGN KEY (`kode_produk`) REFERENCES `produk` (`kode_produk`);
COMMIT;

/*!40101 SET CHARACTER_SET_CLIENT=@OLD_CHARACTER_SET_CLIENT */;
/*!40101 SET CHARACTER_SET_RESULTS=@OLD_CHARACTER_SET_RESULTS */;
/*!40101 SET COLLATION_CONNECTION=@OLD_COLLATION_CONNECTION */;
