-- phpMyAdmin SQL Dump
-- version 5.2.1
-- https://www.phpmyadmin.net/
--
-- Host: 127.0.0.1
-- Waktu pembuatan: 22 Bulan Mei 2025 pada 17.06
-- Versi server: 10.4.32-MariaDB
-- Versi PHP: 8.2.12

SET SQL_MODE = "NO_AUTO_VALUE_ON_ZERO";
START TRANSACTION;
SET time_zone = "+00:00";


/*!40101 SET @OLD_CHARACTER_SET_CLIENT=@@CHARACTER_SET_CLIENT */;
/*!40101 SET @OLD_CHARACTER_SET_RESULTS=@@CHARACTER_SET_RESULTS */;
/*!40101 SET @OLD_COLLATION_CONNECTION=@@COLLATION_CONNECTION */;
/*!40101 SET NAMES utf8mb4 */;

--
-- Database: `dbms11_2410506006`
--
CREATE DATABASE IF NOT EXISTS `dbms11_2410506006` DEFAULT CHARACTER SET utf8mb4 COLLATE utf8mb4_general_ci;
USE `dbms11_2410506006`;

-- --------------------------------------------------------

--
-- Struktur dari tabel `tb_gaji`
--

CREATE TABLE `tb_gaji` (
  `gol` int(1) DEFAULT NULL,
  `gapok` int(12) DEFAULT NULL
) ENGINE=InnoDB DEFAULT CHARSET=utf8mb4 COLLATE=utf8mb4_general_ci;

--
-- Dumping data untuk tabel `tb_gaji`
--

INSERT INTO `tb_gaji` (`gol`, `gapok`) VALUES
(1, 1500000),
(2, 2000000),
(3, 3500000),
(4, 5000000),
(1, 1500000),
(2, 2000000),
(3, 3500000),
(4, 5000000);

-- --------------------------------------------------------

--
-- Struktur dari tabel `tb_pegawai`
--

CREATE TABLE `tb_pegawai` (
  `nip` varchar(5) NOT NULL,
  `nama` varchar(50) DEFAULT NULL,
  `tgl_lahir` date DEFAULT NULL,
  `kota` varchar(50) DEFAULT NULL,
  `thn_masuk` year(4) DEFAULT NULL,
  `gol` int(1) DEFAULT NULL
) ENGINE=InnoDB DEFAULT CHARSET=utf8mb4 COLLATE=utf8mb4_general_ci;

--
-- Dumping data untuk tabel `tb_pegawai`
--

INSERT INTO `tb_pegawai` (`nip`, `nama`, `tgl_lahir`, `kota`, `thn_masuk`, `gol`) VALUES
('001', 'Ahmad Burhanuddin', '1990-12-12', 'Bandung', '2010', 3),
('002', 'Amin Imsyorry', '1989-12-02', 'Ciamis', '2009', 2),
('003', 'Budhy Bungaox', '1989-01-20', 'Tasikmalaya', '2011', 4),
('004', 'Zulkarnaen', '1991-02-20', 'Bandung', '2009', 1),
('005', 'Dewi Sudewa', '1990-12-02', 'Bogor', '2009', 1),
('006', 'Ina Nurlian', '1993-08-09', 'Sumedang', '2011', 4),
('007', 'Cheppy Chardut', '1992-07-09', 'Garut', '2011', 4),
('008', 'Domong M', '1990-07-10', 'Bandung', '2010', 3),
('009', 'Gadung P', '1990-06-25', 'Bogor', '2009', 2),
('010', 'Agus Wisman', '1993-10-17', 'Garut', '2010', 3);

--
-- Indexes for dumped tables
--

--
-- Indeks untuk tabel `tb_pegawai`
--
ALTER TABLE `tb_pegawai`
  ADD PRIMARY KEY (`nip`);
--
-- Database: `db_kampus`
--
CREATE DATABASE IF NOT EXISTS `db_kampus` DEFAULT CHARACTER SET utf8mb4 COLLATE utf8mb4_general_ci;
USE `db_kampus`;

-- --------------------------------------------------------

--
-- Struktur dari tabel `dosen`
--

CREATE TABLE `dosen` (
  `NIP` char(10) NOT NULL,
  `Nama` varchar(50) DEFAULT NULL,
  `Bidang` varchar(30) DEFAULT NULL
) ENGINE=InnoDB DEFAULT CHARSET=utf8mb4 COLLATE=utf8mb4_general_ci;

--
-- Dumping data untuk tabel `dosen`
--

INSERT INTO `dosen` (`NIP`, `Nama`, `Bidang`) VALUES
('16154214', 'Ir. Lena Amalia', 'Algoritma dan Pemrograman'),
('18098906', 'Prof. Joko Susilo', 'Hukum Pajak'),
('18715284', 'Ir. Handoko', 'Jaringan Komputer'),
('18722719', 'DR. Triatmoko', 'Basis Data'),
('18765141', 'DRS. Vadra Aulia', 'Psikologi Sosial');

-- --------------------------------------------------------

--
-- Struktur dari tabel `mahasiswa`
--

CREATE TABLE `mahasiswa` (
  `NIM` char(10) NOT NULL,
  `Nama` varchar(50) DEFAULT NULL,
  `Jurusan` varchar(30) DEFAULT NULL
) ENGINE=InnoDB DEFAULT CHARSET=utf8mb4 COLLATE=utf8mb4_general_ci;

--
-- Dumping data untuk tabel `mahasiswa`
--

INSERT INTO `mahasiswa` (`NIM`, `Nama`, `Jurusan`) VALUES
('1234567890', 'Andi', 'Informatika'),
('2520506001', 'Muhammad Andi', 'Teknik Informatika'),
('2520506002', 'Aurelia Vera', 'Teknik Kimia'),
('2520506003', 'Alvero Brava', 'Psikologi'),
('2520506004', 'Reyzak Graham', 'Hukum'),
('2520506005', 'Symphony Vee', 'Teknik Informatika');

-- --------------------------------------------------------

--
-- Struktur dari tabel `matakuliah`
--

CREATE TABLE `matakuliah` (
  `Kode_mk` char(6) NOT NULL,
  `Nama_mk` varchar(50) DEFAULT NULL,
  `sks` int(11) DEFAULT NULL
) ENGINE=InnoDB DEFAULT CHARSET=utf8mb4 COLLATE=utf8mb4_general_ci;

--
-- Dumping data untuk tabel `matakuliah`
--

INSERT INTO `matakuliah` (`Kode_mk`, `Nama_mk`, `sks`) VALUES
('MK001', 'Basis Data', 3),
('MK002', 'Sosiologi', 2),
('MK003', 'Perancangan Pabrik Kimia', 3),
('MK004', 'Pengantar Ilmu Hukum', 3),
('MK005', 'Algoritma dan Pemrograman', 2);

-- --------------------------------------------------------

--
-- Struktur dari tabel `tagihan`
--

CREATE TABLE `tagihan` (
  `id_tagihan` varchar(20) NOT NULL,
  `nama_tagihan` varchar(100) NOT NULL,
  `jumlah` decimal(10,2) NOT NULL,
  `tanggal_jatuh_tempo` date DEFAULT NULL,
  `status` enum('Belum Lunas','Menunggu Pembayaran','Lunas','Kadaluarsa') DEFAULT 'Belum Lunas',
  `keterangan` text DEFAULT NULL
) ENGINE=InnoDB DEFAULT CHARSET=utf8mb4 COLLATE=utf8mb4_general_ci;

--
-- Dumping data untuk tabel `tagihan`
--

INSERT INTO `tagihan` (`id_tagihan`, `nama_tagihan`, `jumlah`, `tanggal_jatuh_tempo`, `status`, `keterangan`) VALUES
('TAG001', 'Pembayaran SPP Semester Ganjil', 2500000.00, '2025-08-31', 'Lunas', NULL),
('TAG002', 'Denda Keterlambatan Peminjaman Buku', 50000.00, '2025-07-15', 'Menunggu Pembayaran', NULL),
('TAG003', 'Biaya Ujian Susulan', 100000.00, '2025-06-30', 'Belum Lunas', NULL);

-- --------------------------------------------------------

--
-- Struktur dari tabel `temp_tabel`
--

CREATE TABLE `temp_tabel` (
  `id` int(11) DEFAULT NULL
) ENGINE=InnoDB DEFAULT CHARSET=utf8mb4 COLLATE=utf8mb4_general_ci;

--
-- Indexes for dumped tables
--

--
-- Indeks untuk tabel `dosen`
--
ALTER TABLE `dosen`
  ADD PRIMARY KEY (`NIP`);

--
-- Indeks untuk tabel `mahasiswa`
--
ALTER TABLE `mahasiswa`
  ADD PRIMARY KEY (`NIM`);

--
-- Indeks untuk tabel `matakuliah`
--
ALTER TABLE `matakuliah`
  ADD PRIMARY KEY (`Kode_mk`);

--
-- Indeks untuk tabel `tagihan`
--
ALTER TABLE `tagihan`
  ADD PRIMARY KEY (`id_tagihan`);
--
-- Database: `mahasiswa_universitas_tidar`
--
CREATE DATABASE IF NOT EXISTS `mahasiswa_universitas_tidar` DEFAULT CHARACTER SET utf8mb4 COLLATE utf8mb4_general_ci;
USE `mahasiswa_universitas_tidar`;

-- --------------------------------------------------------

--
-- Struktur dari tabel `mahasiswa`
--

CREATE TABLE `mahasiswa` (
  `NPM` char(9) NOT NULL,
  `nama` varchar(30) NOT NULL,
  `alamat` varchar(30) NOT NULL
) ENGINE=InnoDB DEFAULT CHARSET=utf8mb4 COLLATE=utf8mb4_general_ci;

--
-- Dumping data untuk tabel `mahasiswa`
--

INSERT INTO `mahasiswa` (`NPM`, `nama`, `alamat`) VALUES
('214002001', 'budi', 'bandung'),
('214002002', 'ahmad', 'semarang'),
('214002003', 'andi', 'jakarta'),
('214002004', 'Joko', 'padang'),
('214002005', 'rani', 'jakarta'),
('214002006', 'kenta', 'bandung'),
('214002007', 'indah', 'semarang');

-- --------------------------------------------------------

--
-- Struktur dari tabel `peminjaman`
--

CREATE TABLE `peminjaman` (
  `id_peminjam` int(11) NOT NULL,
  `NPM` char(9) NOT NULL,
  `buku` varchar(100) NOT NULL
) ENGINE=InnoDB DEFAULT CHARSET=utf8mb4 COLLATE=utf8mb4_general_ci;

--
-- Dumping data untuk tabel `peminjaman`
--

INSERT INTO `peminjaman` (`id_peminjam`, `NPM`, `buku`) VALUES
(1, '214002001', 'Buku Psikologi Klinis'),
(2, '214002002', 'Buku Biologi'),
(3, '214002003', 'Buku Teknik Kelistrikan'),
(4, '214002004', 'Buku Teknik Bangunan'),
(5, '214002005', 'Buku Teknik Dasar dasar Pemrograman'),
(6, '214002006', 'Buku Teknik Fisika'),
(7, '214002007', 'Buku Kimia');

--
-- Indexes for dumped tables
--

--
-- Indeks untuk tabel `mahasiswa`
--
ALTER TABLE `mahasiswa`
  ADD PRIMARY KEY (`NPM`);

--
-- Indeks untuk tabel `peminjaman`
--
ALTER TABLE `peminjaman`
  ADD PRIMARY KEY (`id_peminjam`);

--
-- AUTO_INCREMENT untuk tabel yang dibuang
--

--
-- AUTO_INCREMENT untuk tabel `peminjaman`
--
ALTER TABLE `peminjaman`
  MODIFY `id_peminjam` int(11) NOT NULL AUTO_INCREMENT, AUTO_INCREMENT=8;
--
-- Database: `penjualan`
--
CREATE DATABASE IF NOT EXISTS `penjualan` DEFAULT CHARACTER SET utf8mb4 COLLATE utf8mb4_general_ci;
USE `penjualan`;

-- --------------------------------------------------------

--
-- Struktur dari tabel `pelanggan`
--

CREATE TABLE `pelanggan` (
  `id_pelanggan` char(50) NOT NULL,
  `nama_pelanggan` varchar(100) DEFAULT NULL
) ENGINE=InnoDB DEFAULT CHARSET=utf8mb4 COLLATE=utf8mb4_general_ci;

--
-- Dumping data untuk tabel `pelanggan`
--

INSERT INTO `pelanggan` (`id_pelanggan`, `nama_pelanggan`) VALUES
('P001', 'Andi'),
('P002', 'Rendi'),
('P003', 'Putri');

-- --------------------------------------------------------

--
-- Struktur dari tabel `produk`
--

CREATE TABLE `produk` (
  `kode_produk` varchar(50) NOT NULL,
  `nama_produk` varchar(100) DEFAULT NULL,
  `harga` decimal(10,2) DEFAULT NULL
) ENGINE=InnoDB DEFAULT CHARSET=utf8mb4 COLLATE=utf8mb4_general_ci;

--
-- Dumping data untuk tabel `produk`
--

INSERT INTO `produk` (`kode_produk`, `nama_produk`, `harga`) VALUES
('PRD001', 'Laptop', 10000000.00),
('PRD002', 'Mouse', 500000.00),
('PRD003', 'Keyboard', 1500000.00),
('PRD004', 'Monitor', 5000000.00);

-- --------------------------------------------------------

--
-- Struktur dari tabel `transaksi`
--

CREATE TABLE `transaksi` (
  `id_transaksi` char(50) NOT NULL,
  `id_pelanggan` char(50) DEFAULT NULL,
  `kode_produk` varchar(50) DEFAULT NULL,
  `total` decimal(10,2) DEFAULT NULL
) ENGINE=InnoDB DEFAULT CHARSET=utf8mb4 COLLATE=utf8mb4_general_ci;

--
-- Dumping data untuk tabel `transaksi`
--

INSERT INTO `transaksi` (`id_transaksi`, `id_pelanggan`, `kode_produk`, `total`) VALUES
('T001', 'P001', 'PRD001', 10000000.00),
('T002', 'P002', 'PRD002', 500000.00),
('T003', 'P001', 'PRD003', 1500000.00),
('T004', 'P003', 'PRD004', 5000000.00),
('T005', 'P002', 'PRD004', 5000000.00);

--
-- Indexes for dumped tables
--

--
-- Indeks untuk tabel `pelanggan`
--
ALTER TABLE `pelanggan`
  ADD PRIMARY KEY (`id_pelanggan`);

--
-- Indeks untuk tabel `produk`
--
ALTER TABLE `produk`
  ADD PRIMARY KEY (`kode_produk`),
  ADD UNIQUE KEY `idx_kode_produk` (`kode_produk`);

--
-- Indeks untuk tabel `transaksi`
--
ALTER TABLE `transaksi`
  ADD PRIMARY KEY (`id_transaksi`),
  ADD KEY `id_pelanggan` (`id_pelanggan`),
  ADD KEY `kode_produk` (`kode_produk`),
  ADD KEY `idx_total` (`total`);

--
-- Ketidakleluasaan untuk tabel pelimpahan (Dumped Tables)
--

--
-- Ketidakleluasaan untuk tabel `transaksi`
--
ALTER TABLE `transaksi`
  ADD CONSTRAINT `transaksi_ibfk_1` FOREIGN KEY (`id_pelanggan`) REFERENCES `pelanggan` (`id_pelanggan`),
  ADD CONSTRAINT `transaksi_ibfk_2` FOREIGN KEY (`kode_produk`) REFERENCES `produk` (`kode_produk`);
--
-- Database: `perpustakaan`
--
CREATE DATABASE IF NOT EXISTS `perpustakaan` DEFAULT CHARACTER SET utf8mb4 COLLATE utf8mb4_general_ci;
USE `perpustakaan`;

-- --------------------------------------------------------

--
-- Struktur dari tabel `anggota`
--

CREATE TABLE `anggota` (
  `ID_Anggota` int(11) NOT NULL,
  `Nama` varchar(100) DEFAULT NULL,
  `Alamat` varchar(100) DEFAULT NULL,
  `Tanggal_Lahir` date DEFAULT NULL
) ENGINE=InnoDB DEFAULT CHARSET=utf8mb4 COLLATE=utf8mb4_general_ci;

--
-- Dumping data untuk tabel `anggota`
--

INSERT INTO `anggota` (`ID_Anggota`, `Nama`, `Alamat`, `Tanggal_Lahir`) VALUES
(1, 'Ahmad Fauzi', 'Jl. Merpati No. 10', '1998-05-21'),
(2, 'Siti Aminah', 'Jl. Kenanga No. 5', '2001-08-11'),
(3, 'Rudi Hartono', 'Jl. Anggrek No. 7', '2003-12-17'),
(4, 'Lina Marlina', 'Jl. Dahlia No. 12', '2000-01-01');

-- --------------------------------------------------------

--
-- Struktur dari tabel `buku`
--

CREATE TABLE `buku` (
  `ISBN` varchar(20) NOT NULL,
  `Judul` varchar(100) DEFAULT NULL,
  `Penulis` varchar(100) DEFAULT NULL,
  `Harga` decimal(10,2) DEFAULT NULL
) ENGINE=InnoDB DEFAULT CHARSET=utf8mb4 COLLATE=utf8mb4_general_ci;

--
-- Dumping data untuk tabel `buku`
--

INSERT INTO `buku` (`ISBN`, `Judul`, `Penulis`, `Harga`) VALUES
('9781122334455', 'Struktur Data', 'Budi Hartono', 95000.00),
('9781234567890', 'Dasar Pemrograman', 'Andi Prasetyo', 80000.00),
('9785566778899', 'Algoritma dan Logika', 'Rina Marlina', 70000.00),
('9786677889900', 'Web Programming', 'Dedi Supriadi', 65000.00),
('9789876543210', 'Database Lanjut', 'Sinta Dewi', 85000.00);

-- --------------------------------------------------------

--
-- Struktur dari tabel `peminjaman`
--

CREATE TABLE `peminjaman` (
  `ID_Peminjaman` int(11) NOT NULL,
  `ID_Anggota` int(11) DEFAULT NULL,
  `ISBN` varchar(20) DEFAULT NULL,
  `Tanggal_Pinjam` date DEFAULT NULL
) ENGINE=InnoDB DEFAULT CHARSET=utf8mb4 COLLATE=utf8mb4_general_ci;

--
-- Indexes for dumped tables
--

--
-- Indeks untuk tabel `anggota`
--
ALTER TABLE `anggota`
  ADD PRIMARY KEY (`ID_Anggota`);

--
-- Indeks untuk tabel `buku`
--
ALTER TABLE `buku`
  ADD PRIMARY KEY (`ISBN`);

--
-- Indeks untuk tabel `peminjaman`
--
ALTER TABLE `peminjaman`
  ADD PRIMARY KEY (`ID_Peminjaman`),
  ADD KEY `ID_Anggota` (`ID_Anggota`),
  ADD KEY `ISBN` (`ISBN`);

--
-- AUTO_INCREMENT untuk tabel yang dibuang
--

--
-- AUTO_INCREMENT untuk tabel `peminjaman`
--
ALTER TABLE `peminjaman`
  MODIFY `ID_Peminjaman` int(11) NOT NULL AUTO_INCREMENT;

--
-- Ketidakleluasaan untuk tabel pelimpahan (Dumped Tables)
--

--
-- Ketidakleluasaan untuk tabel `peminjaman`
--
ALTER TABLE `peminjaman`
  ADD CONSTRAINT `peminjaman_ibfk_1` FOREIGN KEY (`ID_Anggota`) REFERENCES `anggota` (`ID_Anggota`),
  ADD CONSTRAINT `peminjaman_ibfk_2` FOREIGN KEY (`ISBN`) REFERENCES `buku` (`ISBN`);
--
-- Database: `phpmyadmin`
--
CREATE DATABASE IF NOT EXISTS `phpmyadmin` DEFAULT CHARACTER SET utf8 COLLATE utf8_bin;
USE `phpmyadmin`;

-- --------------------------------------------------------

--
-- Struktur dari tabel `pma__bookmark`
--

CREATE TABLE `pma__bookmark` (
  `id` int(10) UNSIGNED NOT NULL,
  `dbase` varchar(255) NOT NULL DEFAULT '',
  `user` varchar(255) NOT NULL DEFAULT '',
  `label` varchar(255) CHARACTER SET utf8 COLLATE utf8_general_ci NOT NULL DEFAULT '',
  `query` text NOT NULL
) ENGINE=InnoDB DEFAULT CHARSET=utf8 COLLATE=utf8_bin COMMENT='Bookmarks';

-- --------------------------------------------------------

--
-- Struktur dari tabel `pma__central_columns`
--

CREATE TABLE `pma__central_columns` (
  `db_name` varchar(64) NOT NULL,
  `col_name` varchar(64) NOT NULL,
  `col_type` varchar(64) NOT NULL,
  `col_length` text DEFAULT NULL,
  `col_collation` varchar(64) NOT NULL,
  `col_isNull` tinyint(1) NOT NULL,
  `col_extra` varchar(255) DEFAULT '',
  `col_default` text DEFAULT NULL
) ENGINE=InnoDB DEFAULT CHARSET=utf8 COLLATE=utf8_bin COMMENT='Central list of columns';

-- --------------------------------------------------------

--
-- Struktur dari tabel `pma__column_info`
--

CREATE TABLE `pma__column_info` (
  `id` int(5) UNSIGNED NOT NULL,
  `db_name` varchar(64) NOT NULL DEFAULT '',
  `table_name` varchar(64) NOT NULL DEFAULT '',
  `column_name` varchar(64) NOT NULL DEFAULT '',
  `comment` varchar(255) CHARACTER SET utf8 COLLATE utf8_general_ci NOT NULL DEFAULT '',
  `mimetype` varchar(255) CHARACTER SET utf8 COLLATE utf8_general_ci NOT NULL DEFAULT '',
  `transformation` varchar(255) NOT NULL DEFAULT '',
  `transformation_options` varchar(255) NOT NULL DEFAULT '',
  `input_transformation` varchar(255) NOT NULL DEFAULT '',
  `input_transformation_options` varchar(255) NOT NULL DEFAULT ''
) ENGINE=InnoDB DEFAULT CHARSET=utf8 COLLATE=utf8_bin COMMENT='Column information for phpMyAdmin';

-- --------------------------------------------------------

--
-- Struktur dari tabel `pma__designer_settings`
--

CREATE TABLE `pma__designer_settings` (
  `username` varchar(64) NOT NULL,
  `settings_data` text NOT NULL
) ENGINE=InnoDB DEFAULT CHARSET=utf8 COLLATE=utf8_bin COMMENT='Settings related to Designer';

--
-- Dumping data untuk tabel `pma__designer_settings`
--

INSERT INTO `pma__designer_settings` (`username`, `settings_data`) VALUES
('root', '{\"relation_lines\":\"true\",\"snap_to_grid\":\"off\",\"angular_direct\":\"direct\"}');

-- --------------------------------------------------------

--
-- Struktur dari tabel `pma__export_templates`
--

CREATE TABLE `pma__export_templates` (
  `id` int(5) UNSIGNED NOT NULL,
  `username` varchar(64) NOT NULL,
  `export_type` varchar(10) NOT NULL,
  `template_name` varchar(64) NOT NULL,
  `template_data` text NOT NULL
) ENGINE=InnoDB DEFAULT CHARSET=utf8 COLLATE=utf8_bin COMMENT='Saved export templates';

--
-- Dumping data untuk tabel `pma__export_templates`
--

INSERT INTO `pma__export_templates` (`id`, `username`, `export_type`, `template_name`, `template_data`) VALUES
(1, 'root', 'server', 'Responsi', '{\"quick_or_custom\":\"quick\",\"what\":\"sql\",\"db_select[]\":[\"perpustakaan\",\"phpmyadmin\",\"test\"],\"aliases_new\":\"\",\"output_format\":\"sendit\",\"filename_template\":\"@SERVER@\",\"remember_template\":\"on\",\"charset\":\"utf-8\",\"compression\":\"none\",\"maxsize\":\"\",\"codegen_structure_or_data\":\"data\",\"codegen_format\":\"0\",\"csv_separator\":\",\",\"csv_enclosed\":\"\\\"\",\"csv_escaped\":\"\\\"\",\"csv_terminated\":\"AUTO\",\"csv_null\":\"NULL\",\"csv_columns\":\"something\",\"csv_structure_or_data\":\"data\",\"excel_null\":\"NULL\",\"excel_columns\":\"something\",\"excel_edition\":\"win\",\"excel_structure_or_data\":\"data\",\"json_structure_or_data\":\"data\",\"json_unicode\":\"something\",\"latex_caption\":\"something\",\"latex_structure_or_data\":\"structure_and_data\",\"latex_structure_caption\":\"Struktur tabel @TABLE@\",\"latex_structure_continued_caption\":\"Struktur tabel @TABLE@ (dilanjutkan)\",\"latex_structure_label\":\"tab:@TABLE@-structure\",\"latex_relation\":\"something\",\"latex_comments\":\"something\",\"latex_mime\":\"something\",\"latex_columns\":\"something\",\"latex_data_caption\":\"Isi tabel @TABLE@\",\"latex_data_continued_caption\":\"Isi tabel @TABLE@ (dilanjutkan)\",\"latex_data_label\":\"tab:@TABLE@-data\",\"latex_null\":\"\\\\textit{NULL}\",\"mediawiki_structure_or_data\":\"data\",\"mediawiki_caption\":\"something\",\"mediawiki_headers\":\"something\",\"htmlword_structure_or_data\":\"structure_and_data\",\"htmlword_null\":\"NULL\",\"ods_null\":\"NULL\",\"ods_structure_or_data\":\"data\",\"odt_structure_or_data\":\"structure_and_data\",\"odt_relation\":\"something\",\"odt_comments\":\"something\",\"odt_mime\":\"something\",\"odt_columns\":\"something\",\"odt_null\":\"NULL\",\"pdf_report_title\":\"\",\"pdf_structure_or_data\":\"data\",\"phparray_structure_or_data\":\"data\",\"sql_include_comments\":\"something\",\"sql_header_comment\":\"\",\"sql_use_transaction\":\"something\",\"sql_compatibility\":\"NONE\",\"sql_structure_or_data\":\"structure_and_data\",\"sql_create_table\":\"something\",\"sql_auto_increment\":\"something\",\"sql_create_view\":\"something\",\"sql_create_trigger\":\"something\",\"sql_backquotes\":\"something\",\"sql_type\":\"INSERT\",\"sql_insert_syntax\":\"both\",\"sql_max_query_size\":\"50000\",\"sql_hex_for_binary\":\"something\",\"sql_utc_time\":\"something\",\"texytext_structure_or_data\":\"structure_and_data\",\"texytext_null\":\"NULL\",\"yaml_structure_or_data\":\"data\",\"\":null,\"as_separate_files\":null,\"csv_removeCRLF\":null,\"excel_removeCRLF\":null,\"json_pretty_print\":null,\"htmlword_columns\":null,\"ods_columns\":null,\"sql_dates\":null,\"sql_relation\":null,\"sql_mime\":null,\"sql_disable_fk\":null,\"sql_views_as_tables\":null,\"sql_metadata\":null,\"sql_drop_database\":null,\"sql_drop_table\":null,\"sql_if_not_exists\":null,\"sql_simple_view_export\":null,\"sql_view_current_user\":null,\"sql_or_replace_view\":null,\"sql_procedure_function\":null,\"sql_truncate\":null,\"sql_delayed\":null,\"sql_ignore\":null,\"texytext_columns\":null}');

-- --------------------------------------------------------

--
-- Struktur dari tabel `pma__favorite`
--

CREATE TABLE `pma__favorite` (
  `username` varchar(64) NOT NULL,
  `tables` text NOT NULL
) ENGINE=InnoDB DEFAULT CHARSET=utf8 COLLATE=utf8_bin COMMENT='Favorite tables';

-- --------------------------------------------------------

--
-- Struktur dari tabel `pma__history`
--

CREATE TABLE `pma__history` (
  `id` bigint(20) UNSIGNED NOT NULL,
  `username` varchar(64) NOT NULL DEFAULT '',
  `db` varchar(64) NOT NULL DEFAULT '',
  `table` varchar(64) NOT NULL DEFAULT '',
  `timevalue` timestamp NOT NULL DEFAULT current_timestamp(),
  `sqlquery` text NOT NULL
) ENGINE=InnoDB DEFAULT CHARSET=utf8 COLLATE=utf8_bin COMMENT='SQL history for phpMyAdmin';

-- --------------------------------------------------------

--
-- Struktur dari tabel `pma__navigationhiding`
--

CREATE TABLE `pma__navigationhiding` (
  `username` varchar(64) NOT NULL,
  `item_name` varchar(64) NOT NULL,
  `item_type` varchar(64) NOT NULL,
  `db_name` varchar(64) NOT NULL,
  `table_name` varchar(64) NOT NULL
) ENGINE=InnoDB DEFAULT CHARSET=utf8 COLLATE=utf8_bin COMMENT='Hidden items of navigation tree';

-- --------------------------------------------------------

--
-- Struktur dari tabel `pma__pdf_pages`
--

CREATE TABLE `pma__pdf_pages` (
  `db_name` varchar(64) NOT NULL DEFAULT '',
  `page_nr` int(10) UNSIGNED NOT NULL,
  `page_descr` varchar(50) CHARACTER SET utf8 COLLATE utf8_general_ci NOT NULL DEFAULT ''
) ENGINE=InnoDB DEFAULT CHARSET=utf8 COLLATE=utf8_bin COMMENT='PDF relation pages for phpMyAdmin';

-- --------------------------------------------------------

--
-- Struktur dari tabel `pma__recent`
--

CREATE TABLE `pma__recent` (
  `username` varchar(64) NOT NULL,
  `tables` text NOT NULL
) ENGINE=InnoDB DEFAULT CHARSET=utf8 COLLATE=utf8_bin COMMENT='Recently accessed tables';

-- --------------------------------------------------------

--
-- Struktur dari tabel `pma__relation`
--

CREATE TABLE `pma__relation` (
  `master_db` varchar(64) NOT NULL DEFAULT '',
  `master_table` varchar(64) NOT NULL DEFAULT '',
  `master_field` varchar(64) NOT NULL DEFAULT '',
  `foreign_db` varchar(64) NOT NULL DEFAULT '',
  `foreign_table` varchar(64) NOT NULL DEFAULT '',
  `foreign_field` varchar(64) NOT NULL DEFAULT ''
) ENGINE=InnoDB DEFAULT CHARSET=utf8 COLLATE=utf8_bin COMMENT='Relation table';

-- --------------------------------------------------------

--
-- Struktur dari tabel `pma__savedsearches`
--

CREATE TABLE `pma__savedsearches` (
  `id` int(5) UNSIGNED NOT NULL,
  `username` varchar(64) NOT NULL DEFAULT '',
  `db_name` varchar(64) NOT NULL DEFAULT '',
  `search_name` varchar(64) NOT NULL DEFAULT '',
  `search_data` text NOT NULL
) ENGINE=InnoDB DEFAULT CHARSET=utf8 COLLATE=utf8_bin COMMENT='Saved searches';

-- --------------------------------------------------------

--
-- Struktur dari tabel `pma__table_coords`
--

CREATE TABLE `pma__table_coords` (
  `db_name` varchar(64) NOT NULL DEFAULT '',
  `table_name` varchar(64) NOT NULL DEFAULT '',
  `pdf_page_number` int(11) NOT NULL DEFAULT 0,
  `x` float UNSIGNED NOT NULL DEFAULT 0,
  `y` float UNSIGNED NOT NULL DEFAULT 0
) ENGINE=InnoDB DEFAULT CHARSET=utf8 COLLATE=utf8_bin COMMENT='Table coordinates for phpMyAdmin PDF output';

-- --------------------------------------------------------

--
-- Struktur dari tabel `pma__table_info`
--

CREATE TABLE `pma__table_info` (
  `db_name` varchar(64) NOT NULL DEFAULT '',
  `table_name` varchar(64) NOT NULL DEFAULT '',
  `display_field` varchar(64) NOT NULL DEFAULT ''
) ENGINE=InnoDB DEFAULT CHARSET=utf8 COLLATE=utf8_bin COMMENT='Table information for phpMyAdmin';

-- --------------------------------------------------------

--
-- Struktur dari tabel `pma__table_uiprefs`
--

CREATE TABLE `pma__table_uiprefs` (
  `username` varchar(64) NOT NULL,
  `db_name` varchar(64) NOT NULL,
  `table_name` varchar(64) NOT NULL,
  `prefs` text NOT NULL,
  `last_update` timestamp NOT NULL DEFAULT current_timestamp() ON UPDATE current_timestamp()
) ENGINE=InnoDB DEFAULT CHARSET=utf8 COLLATE=utf8_bin COMMENT='Tables'' UI preferences';

-- --------------------------------------------------------

--
-- Struktur dari tabel `pma__tracking`
--

CREATE TABLE `pma__tracking` (
  `db_name` varchar(64) NOT NULL,
  `table_name` varchar(64) NOT NULL,
  `version` int(10) UNSIGNED NOT NULL,
  `date_created` datetime NOT NULL,
  `date_updated` datetime NOT NULL,
  `schema_snapshot` text NOT NULL,
  `schema_sql` text DEFAULT NULL,
  `data_sql` longtext DEFAULT NULL,
  `tracking` set('UPDATE','REPLACE','INSERT','DELETE','TRUNCATE','CREATE DATABASE','ALTER DATABASE','DROP DATABASE','CREATE TABLE','ALTER TABLE','RENAME TABLE','DROP TABLE','CREATE INDEX','DROP INDEX','CREATE VIEW','ALTER VIEW','DROP VIEW') DEFAULT NULL,
  `tracking_active` int(1) UNSIGNED NOT NULL DEFAULT 1
) ENGINE=InnoDB DEFAULT CHARSET=utf8 COLLATE=utf8_bin COMMENT='Database changes tracking for phpMyAdmin';

-- --------------------------------------------------------

--
-- Struktur dari tabel `pma__userconfig`
--

CREATE TABLE `pma__userconfig` (
  `username` varchar(64) NOT NULL,
  `timevalue` timestamp NOT NULL DEFAULT current_timestamp() ON UPDATE current_timestamp(),
  `config_data` text NOT NULL
) ENGINE=InnoDB DEFAULT CHARSET=utf8 COLLATE=utf8_bin COMMENT='User preferences storage for phpMyAdmin';

--
-- Dumping data untuk tabel `pma__userconfig`
--

INSERT INTO `pma__userconfig` (`username`, `timevalue`, `config_data`) VALUES
('root', '2025-05-22 15:06:10', '{\"Console\\/Mode\":\"collapse\",\"lang\":\"id\"}');

-- --------------------------------------------------------

--
-- Struktur dari tabel `pma__usergroups`
--

CREATE TABLE `pma__usergroups` (
  `usergroup` varchar(64) NOT NULL,
  `tab` varchar(64) NOT NULL,
  `allowed` enum('Y','N') NOT NULL DEFAULT 'N'
) ENGINE=InnoDB DEFAULT CHARSET=utf8 COLLATE=utf8_bin COMMENT='User groups with configured menu items';

-- --------------------------------------------------------

--
-- Struktur dari tabel `pma__users`
--

CREATE TABLE `pma__users` (
  `username` varchar(64) NOT NULL,
  `usergroup` varchar(64) NOT NULL
) ENGINE=InnoDB DEFAULT CHARSET=utf8 COLLATE=utf8_bin COMMENT='Users and their assignments to user groups';

--
-- Indexes for dumped tables
--

--
-- Indeks untuk tabel `pma__bookmark`
--
ALTER TABLE `pma__bookmark`
  ADD PRIMARY KEY (`id`);

--
-- Indeks untuk tabel `pma__central_columns`
--
ALTER TABLE `pma__central_columns`
  ADD PRIMARY KEY (`db_name`,`col_name`);

--
-- Indeks untuk tabel `pma__column_info`
--
ALTER TABLE `pma__column_info`
  ADD PRIMARY KEY (`id`),
  ADD UNIQUE KEY `db_name` (`db_name`,`table_name`,`column_name`);

--
-- Indeks untuk tabel `pma__designer_settings`
--
ALTER TABLE `pma__designer_settings`
  ADD PRIMARY KEY (`username`);

--
-- Indeks untuk tabel `pma__export_templates`
--
ALTER TABLE `pma__export_templates`
  ADD PRIMARY KEY (`id`),
  ADD UNIQUE KEY `u_user_type_template` (`username`,`export_type`,`template_name`);

--
-- Indeks untuk tabel `pma__favorite`
--
ALTER TABLE `pma__favorite`
  ADD PRIMARY KEY (`username`);

--
-- Indeks untuk tabel `pma__history`
--
ALTER TABLE `pma__history`
  ADD PRIMARY KEY (`id`),
  ADD KEY `username` (`username`,`db`,`table`,`timevalue`);

--
-- Indeks untuk tabel `pma__navigationhiding`
--
ALTER TABLE `pma__navigationhiding`
  ADD PRIMARY KEY (`username`,`item_name`,`item_type`,`db_name`,`table_name`);

--
-- Indeks untuk tabel `pma__pdf_pages`
--
ALTER TABLE `pma__pdf_pages`
  ADD PRIMARY KEY (`page_nr`),
  ADD KEY `db_name` (`db_name`);

--
-- Indeks untuk tabel `pma__recent`
--
ALTER TABLE `pma__recent`
  ADD PRIMARY KEY (`username`);

--
-- Indeks untuk tabel `pma__relation`
--
ALTER TABLE `pma__relation`
  ADD PRIMARY KEY (`master_db`,`master_table`,`master_field`),
  ADD KEY `foreign_field` (`foreign_db`,`foreign_table`);

--
-- Indeks untuk tabel `pma__savedsearches`
--
ALTER TABLE `pma__savedsearches`
  ADD PRIMARY KEY (`id`),
  ADD UNIQUE KEY `u_savedsearches_username_dbname` (`username`,`db_name`,`search_name`);

--
-- Indeks untuk tabel `pma__table_coords`
--
ALTER TABLE `pma__table_coords`
  ADD PRIMARY KEY (`db_name`,`table_name`,`pdf_page_number`);

--
-- Indeks untuk tabel `pma__table_info`
--
ALTER TABLE `pma__table_info`
  ADD PRIMARY KEY (`db_name`,`table_name`);

--
-- Indeks untuk tabel `pma__table_uiprefs`
--
ALTER TABLE `pma__table_uiprefs`
  ADD PRIMARY KEY (`username`,`db_name`,`table_name`);

--
-- Indeks untuk tabel `pma__tracking`
--
ALTER TABLE `pma__tracking`
  ADD PRIMARY KEY (`db_name`,`table_name`,`version`);

--
-- Indeks untuk tabel `pma__userconfig`
--
ALTER TABLE `pma__userconfig`
  ADD PRIMARY KEY (`username`);

--
-- Indeks untuk tabel `pma__usergroups`
--
ALTER TABLE `pma__usergroups`
  ADD PRIMARY KEY (`usergroup`,`tab`,`allowed`);

--
-- Indeks untuk tabel `pma__users`
--
ALTER TABLE `pma__users`
  ADD PRIMARY KEY (`username`,`usergroup`);

--
-- AUTO_INCREMENT untuk tabel yang dibuang
--

--
-- AUTO_INCREMENT untuk tabel `pma__bookmark`
--
ALTER TABLE `pma__bookmark`
  MODIFY `id` int(10) UNSIGNED NOT NULL AUTO_INCREMENT;

--
-- AUTO_INCREMENT untuk tabel `pma__column_info`
--
ALTER TABLE `pma__column_info`
  MODIFY `id` int(5) UNSIGNED NOT NULL AUTO_INCREMENT;

--
-- AUTO_INCREMENT untuk tabel `pma__export_templates`
--
ALTER TABLE `pma__export_templates`
  MODIFY `id` int(5) UNSIGNED NOT NULL AUTO_INCREMENT, AUTO_INCREMENT=2;

--
-- AUTO_INCREMENT untuk tabel `pma__history`
--
ALTER TABLE `pma__history`
  MODIFY `id` bigint(20) UNSIGNED NOT NULL AUTO_INCREMENT;

--
-- AUTO_INCREMENT untuk tabel `pma__pdf_pages`
--
ALTER TABLE `pma__pdf_pages`
  MODIFY `page_nr` int(10) UNSIGNED NOT NULL AUTO_INCREMENT;

--
-- AUTO_INCREMENT untuk tabel `pma__savedsearches`
--
ALTER TABLE `pma__savedsearches`
  MODIFY `id` int(5) UNSIGNED NOT NULL AUTO_INCREMENT;
--
-- Database: `test`
--
CREATE DATABASE IF NOT EXISTS `test` DEFAULT CHARACTER SET latin1 COLLATE latin1_swedish_ci;
USE `test`;
COMMIT;

/*!40101 SET CHARACTER_SET_CLIENT=@OLD_CHARACTER_SET_CLIENT */;
/*!40101 SET CHARACTER_SET_RESULTS=@OLD_CHARACTER_SET_RESULTS */;
/*!40101 SET COLLATION_CONNECTION=@OLD_COLLATION_CONNECTION */;
